{"cameraMode":{"drawMode":0,"name":"Shaded","section":"Shading Mode"},"sceneLighting":false,"audioPlay":false,"sceneViewState":{"m_AlwaysRefresh":false,"showFog":true,"showSkybox":false,"showFlares":true,"showImageEffects":true,"showParticleSystems":true,"showVisualEffectGraphs":true,"m_FxEnabled":true},"in2DMode":false,"pivot":{"x":113.46524810791016,"y":17.566831588745118,"z":-2.6764729022979738},"rotation":{"x":0.18266235291957856,"y":-0.3333985507488251,"z":0.06561460345983505,"w":0.9226807355880737},"size":5.689049243927002,"orthographic":false}