{"cameraMode":{"drawMode":0,"name":"Shaded","section":"Shading Mode"},"sceneLighting":true,"audioPlay":false,"sceneViewState":{"m_AlwaysRefresh":true,"showFog":true,"showSkybox":true,"showFlares":true,"showImageEffects":true,"showParticleSystems":true,"showVisualEffectGraphs":true,"m_FxEnabled":true},"in2DMode":false,"pivot":{"x":158.99057006835938,"y":100.67705535888672,"z":-0.8219074010848999},"rotation":{"x":-0.02687191031873226,"y":-0.9730210304260254,"z":0.16984114050865174,"w":-0.15392433106899262},"size":20.22369956970215,"orthographic":false}