{"cameraMode":{"drawMode":0,"name":"Shaded","section":"Shading Mode"},"sceneLighting":false,"audioPlay":false,"sceneViewState":{"m_AlwaysRefresh":false,"showFog":true,"showSkybox":false,"showFlares":true,"showImageEffects":true,"showParticleSystems":true,"showVisualEffectGraphs":true,"m_FxEnabled":true},"in2DMode":false,"pivot":{"x":54.625736236572269,"y":0.8736792802810669,"z":7.994999885559082},"rotation":{"x":-0.06494133174419403,"y":-0.7692565321922302,"z":0.07883678376674652,"w":-0.6308447122573853},"size":0.8660253882408142,"orthographic":false}