{"cameraMode":{"drawMode":0,"name":"Shaded","section":"Shading Mode"},"sceneLighting":false,"audioPlay":false,"sceneViewState":{"m_AlwaysRefresh":false,"showFog":true,"showSkybox":false,"showFlares":true,"showImageEffects":true,"showParticleSystems":true,"showVisualEffectGraphs":true,"m_FxEnabled":true},"in2DMode":false,"pivot":{"x":97.72041320800781,"y":14.817689895629883,"z":-0.3512294292449951},"rotation":{"x":0.11781923472881317,"y":0.6808035969734192,"z":-0.11277827620506287,"w":0.7142036557197571},"size":2.9234652519226076,"orthographic":false}