{"cameraMode":{"drawMode":0,"name":"Shaded","section":"Shading Mode"},"sceneLighting":false,"audioPlay":false,"sceneViewState":{"m_AlwaysRefresh":false,"showFog":true,"showSkybox":false,"showFlares":true,"showImageEffects":true,"showParticleSystems":true,"showVisualEffectGraphs":true,"m_FxEnabled":true},"in2DMode":false,"pivot":{"x":16.703937530517579,"y":6.907052040100098,"z":3.3860878944396974},"rotation":{"x":-0.029228096827864648,"y":-0.9691365361213684,"z":0.14536824822425843,"w":-0.1973877251148224},"size":9.476283073425293,"orthographic":false}